{
    "Version": "2012-10-17",
    "Statement": [
        {
            "Effect": "Allow",
            "Action": [
                "ec2:AllocateAddress",
                "ec2:AssociateRouteTable",
                "ec2:AttachInternetGateway",
                "ec2:AuthorizeSecurityGroupEgress",
                "ec2:AuthorizeSecurityGroupIngress",
                "ec2:CreateInternetGateway",
                "ec2:CreateNatGateway",
                "ec2:CreateNetworkAclEntry",
                "ec2:CreateRoute",
                "ec2:CreateRouteTable",
                "ec2:CreateSecurityGroup",
                "ec2:CreateSubnet",
                "ec2:CreateTags",
                "ec2:CreateVpc",
                "ec2:DeleteInternetGateway",
                "ec2:DeleteNatGateway",
                "ec2:DeleteNetworkAclEntry",
                "ec2:DeleteRoute",
                "ec2:DeleteRouteTable",
                "ec2:DeleteSecurityGroup",
                "ec2:DeleteSubnet",
                "ec2:DeleteTags",
                "ec2:DeleteVpc",
                "ec2:DescribeAccountAttributes",
                "ec2:DescribeAddresses",
                "ec2:DescribeAvailabilityZones",
                "ec2:DescribeInternetGateways",
                "ec2:DescribeNatGateways",
                "ec2:DescribeNetworkAcls",
                "ec2:DescribeNetworkInterfaces",
                "ec2:DescribeRouteTables",
                "ec2:DescribeSecurityGroups",
                "ec2:DescribeSubnets",
                "ec2:DescribeTags",
                "ec2:DescribeVpcAttribute",
                "ec2:DescribeVpcClassicLink",
                "ec2:DescribeVpcClassicLinkDnsSupport",
                "ec2:DescribeVpcs",
                "ec2:DetachInternetGateway",
                "ec2:DisassociateRouteTable",
                "ec2:ModifySubnetAttribute",
                "ec2:ModifyVpcAttribute",
                "ec2:ReleaseAddress",
                "ec2:RevokeSecurityGroupEgress",
                "ec2:RevokeSecurityGroupIngress",
                "eks:CreateCluster",
                "eks:CreateNodegroup",
                "eks:DeleteCluster",
                "eks:DeleteNodegroup",
                "eks:DescribeCluster",
                "eks:DescribeNodegroup",
                "iam:AddRoleToInstanceProfile",
                "iam:AttachRolePolicy",
                "iam:CreateInstanceProfile",
                "iam:CreateOpenIDConnectProvider",
                "iam:CreatePolicy",
                "iam:CreateRole",
                "iam:CreateServiceLinkedRole",
                "iam:DeleteInstanceProfile",
                "iam:DeleteOpenIDConnectProvider",
                "iam:DeletePolicy",
                "iam:DeleteRole",
                "iam:DetachRolePolicy",
                "iam:GetInstanceProfile",
                "iam:GetOpenIDConnectProvider",
                "iam:GetPolicy",
                "iam:GetPolicyVersion",
                "iam:GetRole",
                "iam:ListAttachedRolePolicies",
                "iam:ListInstanceProfilesForRole",
                "iam:ListPolicyVersions",
                "iam:ListRolePolicies",
                "iam:PassRole",
                "iam:RemoveRoleFromInstanceProfile",
                "iam:TagInstanceProfile",
                "kms:CreateAlias",
                "kms:CreateKey",
                "kms:DeleteAlias",
                "kms:DescribeKey",
                "kms:EnableKeyRotation",
                "kms:GetKeyPolicy",
                "kms:GetKeyRotationStatus",
                "kms:ListAliases",
                "kms:ListResourceTags",
                "kms:PutKeyPolicy",
                "kms:ScheduleKeyDeletion",
                "kms:TagResource",
                "logs:CreateLogGroup",
                "logs:DeleteLogGroup",
                "logs:DescribeLogGroups",
                "logs:ListTagsLogGroup",
                "logs:PutRetentionPolicy",
                "s3:GetObject",
                "s3:ListBucket",
                "s3:PutObject",
                "secretsmanager:CreateSecret",
                "secretsmanager:DeleteSecret",
                "secretsmanager:DescribeSecret",
                "secretsmanager:GetResourcePolicy",
                "secretsmanager:GetSecretValue",
                "secretsmanager:PutSecretValue"
            ],
            "Resource": "*"
        }
    ]
}
